URL,Annotation Page Tag
http://www.theguardian.com/business/2014/jun/06/king-digital-entertainment-ceo-riccardo-zaconni,Science_technology
http://www.theguardian.com/business/2014/jun/12/central-banks-clean-up-financial-crises-federal-reserve,Economy_business_finance
http://www.theguardian.com/business/2014/jun/15/billion-dollar-technology-firms-europe-us-asos-zoopla-spotify,Economy_business_finance
http://www.theguardian.com/business/2014/jun/16/budget-airline-wizz-air-pulls-ipo,Economy_business_finance
http://www.theguardian.com/business/2014/jun/16/china-current-future-investments-18bn-trade-rail-nuclear,Economy_business_finance
http://www.theguardian.com/business/2014/jun/16/london-house-prices-off-boil-analysts,Economy_business_finance
http://www.theguardian.com/business/2014/jun/16/majestic-fine-wines-sales-dip,Economy_business_finance
http://www.theguardian.com/business/2014/jun/16/pound-hits-near-five-year-high-geopolitics-iraq-markets-oil-live,Economy_business_finance
http://www.theguardian.com/business/2014/jun/16/satellite-data-perspective-insurance-farming-piracy,Economy_business_finance
http://www.theguardian.com/business/2014/jun/16/starbucks-online-degree-us-employees-arizona,Economy_business_finance
http://www.theguardian.com/business/economics-blog/2014/jun/15/sharing-economy-uk-mobile-technology-uber-airbnb,Economy_business_finance
http://www.theguardian.com/business/feedarticle/11396525,Economy_business_finance
http://www.theguardian.com/business/feedarticle/11396575,Economy_business_finance
http://www.theguardian.com/business/feedarticle/11396582,Economy_business_finance
http://www.theguardian.com/business/feedarticle/11396647,Economy_business_finance
http://www.theguardian.com/business/feedarticle/11396679,Economy_business_finance
http://www.theguardian.com/business/feedarticle/11396705,Economy_business_finance
http://www.theguardian.com/business/feedarticle/11396706,Economy_business_finance
http://www.theguardian.com/business/grogonomics/2014/jun/16/joe-hockey-alls-fair-in-welfare-and-budgets,Economy_business_finance
http://www.theguardian.com/business/marketforceslive/2014/jun/16/bt-falls-pension-deficit-reports-rolls-royce,Economy_business_finance
http://www.theguardian.com/business/marketforceslive/2014/jun/16/debenhams-higher-before-update-888-new-jersery,Economy_business_finance
http://www.theguardian.com/business/marketforceslive/2014/jun/16/smith-nephew-leads-ftse-lower-bid-hopes-fade,Economy_business_finance
http://www.theguardian.com/business/nils-pratley-on-finance/2014/jun/16/mysale-mixup-ipo-hype-sir-philip-green,Economy_business_finance
http://www.theguardian.com/commentisfree/2014/jun/09/andy-murray-amelie-mauresmo-quota,Sports
http://www.theguardian.com/commentisfree/2014/jun/13/wikipedia-influence-list-carl-linnaeus,Science_technology
http://www.theguardian.com/commentisfree/2014/jun/15/scientists-spanish-flu-lab,Science_technology
http://www.theguardian.com/commentisfree/2014/jun/15/thames-water-discontent-privatisation,Economy_business_finance
http://www.theguardian.com/commentisfree/2014/jun/16/google-yahoo-reset-the-net-tech-nsa-data-collection,Economy_business_finance
http://www.theguardian.com/commentisfree/2014/may/30/is-email-dead-modernity-vertigo-exeter-university,Science_technology
http://www.theguardian.com/commentisfree/belief/2014/jun/13/computer-turing-test-humanity,Science_technology
http://www.theguardian.com/environment/2014/jun/13/tesla-elon-musk-electric-cars-patent-technology,Science_technology
http://www.theguardian.com/fashion/2014/jun/16/fantasy-style-queen-cersei-lannister-lauren-laverne,Lifestyle_leisure
http://www.theguardian.com/fashion/gallery/2014/jun/13/swimming,Lifestyle_leisure
http://www.theguardian.com/football/2014/jun/06/jimmy-bullard-small-talk-football,Sports
http://www.theguardian.com/football/2014/jun/11/andrea-pirlo-renews-contract-juventus-italy,Sports
http://www.theguardian.com/football/2014/jun/11/massimo-cellino-leeds-sells-cagliari,Sports
http://www.theguardian.com/football/2014/jun/11/roberto-mancini-galatasaray-parted-company,Sports
http://www.theguardian.com/football/2014/jun/11/world-cup-knowledge-players-without-clubs,Sports
http://www.theguardian.com/football/2014/jun/12/neymar-brazil-you-are-the-ref,Sports
http://www.theguardian.com/football/2014/jun/14/neymar-brazil-mexico-world-cup-yellow-card,Sports
http://www.theguardian.com/football/2014/jun/15/belgium-romelu-lukaku-world-cup,Sports
http://www.theguardian.com/football/2014/jun/15/carlos-queiroz-iran-world-cup,Sports
http://www.theguardian.com/football/2014/jun/15/cesc-fabregas-arsene-wenger-arsenal-chelsea,Sports
http://www.theguardian.com/football/2014/jun/15/croatia-players-refuse-talk-press-after-publication-nude-photos,Sports
http://www.theguardian.com/football/2014/jun/15/daniel-sturridge-gutted-after-letting-everyone-in-england-down,Sports
http://www.theguardian.com/football/2014/jun/15/fifa-investigates-england-2018-world-cup-bid-payment,Sports
http://www.theguardian.com/football/2014/jun/15/france-honduras-world-cup-2014-group-e-match-report,Sports
http://www.theguardian.com/football/2014/jun/15/germany-injury-problems-dismissed-joachim-low-portugal-world-cup,Sports
http://www.theguardian.com/football/2014/jun/15/hulk-injury-worry-brazil-world-cup-ramires,Sports
http://www.theguardian.com/football/2014/jun/15/joel-campbell-arsenal-recognition-costa-rica-world-cup,Sports
http://www.theguardian.com/football/2014/jun/15/jurgen-klinsmann-usa-ghana-world-cup-brazil,Sports
http://www.theguardian.com/football/2014/jun/15/jurgen-klinsmann-weather-concerns-ghana-world-cup,Sports
http://www.theguardian.com/football/2014/jun/15/new-york-cosmos-3-0-new-york-red-bulls,Sports
http://www.theguardian.com/football/2014/jun/15/serge-aurier-premier-league-didier-drogba-arsenal,Sports
http://www.theguardian.com/football/2014/jun/15/southampton-new-manager-ronald-koeman,Sports
http://www.theguardian.com/football/2014/jun/15/spain-unsure-approach-chile-game-unanimous-need-win-world-cup,Sports
http://www.theguardian.com/football/2014/jun/15/switzerland-ecuador-world-cup-2014-group-e-match-report,Sports
http://www.theguardian.com/football/2014/jun/15/thibaut-courtois-chelsea-returning-atletico-madrid,Sports
http://www.theguardian.com/football/2014/jun/15/wayne-rooney-not-certain-place-uruguay-england-world-cup,Sports
http://www.theguardian.com/football/2014/jun/16/argentina-bosnia-herzegovina-world-cup-group-f-match-report,Sports
http://www.theguardian.com/football/2014/jun/16/football-transfer-rumours-thomas-vermaelen-manchester-united,Sports
http://www.theguardian.com/football/2014/jun/16/gonzalo-higuain-lionel-messi-barcelona,Sports
http://www.theguardian.com/football/2014/jun/16/hillsborough-inquest-club-secretary-1989-graham-mackrell-safety,Sports
http://www.theguardian.com/football/2014/jun/16/lionel-messi-argentina-bosnia-world-cup-2014,Sports
http://www.theguardian.com/football/2014/jun/16/panini-world-cup-sticker-factory-sao-paulo,Sports
http://www.theguardian.com/football/2014/jun/16/tim-sherwood-west-brom-staff-demands,Sports
http://www.theguardian.com/football/2014/jun/16/world-cup-2014-day-five-live,Sports
http://www.theguardian.com/football/2014/jun/16/world-cup-2014-italy-gianluigi-buffon,Sports
http://www.theguardian.com/football/2014/jun/16/world-cup-2014-karim-benzema-france,Sports
http://www.theguardian.com/football/2014/jun/16/world-cup-2014-players-favourite-foods-tournament,Sports
http://www.theguardian.com/football/2014/jun/16/world-cup-2014-robin-van-persie-flipbook,Sports
http://www.theguardian.com/football/2014/jun/16/world-cup-the-fiver-commentators,Sports
http://www.theguardian.com/football/2014/jun/16/world-cup2014-samuel-etoo-cameroon-croatia,Sports
http://www.theguardian.com/football/blog/2014/jun/14/world-cup-2014-germany-portugal-cristiano-ronaldo,Sports
http://www.theguardian.com/football/blog/2014/jun/15/cristiano-ronaldo-portugal-fitness,Sports
http://www.theguardian.com/football/blog/2014/jun/15/england-italy-world-cup-talking-points,Sports
http://www.theguardian.com/football/blog/2014/jun/15/england-spirit-adventure-world-cup-survival-risk,Sports
http://www.theguardian.com/football/blog/2014/jun/15/england-wayne-rooney-world-cup-roy-hodgson-uruguay,Sports
http://www.theguardian.com/football/blog/2014/jun/15/karim-benzema-france-honduras-world-cup-2014,Sports
http://www.theguardian.com/football/blog/2014/jun/15/raheem-sterling-hodgson-england-italy,Sports
http://www.theguardian.com/football/blog/2014/jun/15/roy-hodgson-england-attack-defence-italy,Sports
http://www.theguardian.com/football/blog/2014/jun/15/wayne-rooney-makes-a-world-cup-impact-but-only-as-a-left-field-assistant,Sports
http://www.theguardian.com/football/blog/2014/jun/16/argentina-bosnia-france-honduras-switzerland-ecuador-talking-points,Sports
http://www.theguardian.com/football/blog/2014/jun/16/mathew-leckie-socceroos-world-cup,Sports
http://www.theguardian.com/football/blog/2014/jun/16/world-cup-2014-brazil-mexico-fortaleza,Sports
http://www.theguardian.com/football/blog/2014/jun/16/yohan-cabaye-france-honduras-world-cup-2014,Sports
http://www.theguardian.com/football/blog/poll/2014/jun/16/world-cup-2014-rooney-england-uruguay-italy-hodgson,Sports
http://www.theguardian.com/football/feedarticle/11394767,Sports
http://www.theguardian.com/football/feedarticle/11396209,Sports
http://www.theguardian.com/football/feedarticle/11396290,Sports
http://www.theguardian.com/football/feedarticle/11396339,Sports
http://www.theguardian.com/football/feedarticle/11396564,Sports
http://www.theguardian.com/football/feedarticle/11396607,Sports
http://www.theguardian.com/football/feedarticle/11396678,Sports
http://www.theguardian.com/football/feedarticle/11396728,Sports
http://www.theguardian.com/football/shortcuts/2014/jun/16/world-cup-commentator-jonathan-pearce-fifa-goal-line-technology-france-honduras,Sports
http://www.theguardian.com/higher-education-network/blog/2014/jun/16/diy-labs-exciting-alternative-university-science-research,Economy_business_finance
http://www.theguardian.com/lifeandstyle/2014/apr/28/eco-appliances-energy-saving-hints-when-buying-lightbulbs,Lifestyle_leisure
http://www.theguardian.com/lifeandstyle/2014/jun/03/prime-minister-campaigning-newark-byelection-mrs-camerons-diary,Lifestyle_leisure
http://www.theguardian.com/lifeandstyle/2014/jun/06/homes-upcycling,Lifestyle_leisure
http://www.theguardian.com/lifeandstyle/2014/jun/08/danish-design-copenhagen-interiors,Lifestyle_leisure
http://www.theguardian.com/lifeandstyle/2014/jun/08/having-it-all-maeve-haran-daughter,Lifestyle_leisure
http://www.theguardian.com/lifeandstyle/2014/jun/11/nadal-why-tennis-players-so-superstitious,Lifestyle_leisure
http://www.theguardian.com/lifeandstyle/2014/jun/13/easy-dinner-party-recipes-mary-ellen-mctague,Lifestyle_leisure
http://www.theguardian.com/lifeandstyle/2014/jun/14/10-best-vegan-recipes,Lifestyle_leisure
http://www.theguardian.com/lifeandstyle/2014/jun/14/alys-fowler-cant-beat-beet-beetroot,Lifestyle_leisure
http://www.theguardian.com/lifeandstyle/2014/jun/14/gin-fathers-day-fiona-beckett,Lifestyle_leisure
http://www.theguardian.com/lifeandstyle/2014/jun/14/how-to-bake-with-olive-oil-ruby-tandoh-recipe,Lifestyle_leisure
http://www.theguardian.com/lifeandstyle/2014/jun/14/how-to-grow-your-own-kale-phil-daoust,Lifestyle_leisure
http://www.theguardian.com/lifeandstyle/2014/jun/14/life-drawing-to-close-parents-roz-chast-graphic-memoir,Lifestyle_leisure
http://www.theguardian.com/lifeandstyle/2014/jun/14/neneh-cherry-interview,Lifestyle_leisure
http://www.theguardian.com/lifeandstyle/2014/jun/14/pj-orourke-baby-boom-lunch-with,Lifestyle_leisure
http://www.theguardian.com/lifeandstyle/2014/jun/14/readers-recipe-swap-broad-beans-felicity-cloake,Lifestyle_leisure
http://www.theguardian.com/lifeandstyle/2014/jun/14/tim-dowling-wine-late-night-bus-journey,Lifestyle_leisure
http://www.theguardian.com/lifeandstyle/2014/jun/15/blackcurrant-ice-cream-recipe-kitty-travers,Lifestyle_leisure
http://www.theguardian.com/lifeandstyle/2014/jun/15/honey-and-co-london-restaurant-food-from-middle-east,Lifestyle_leisure
http://www.theguardian.com/lifeandstyle/2014/jun/15/honey-and-co-recipes-london-restaurant-middle-eastern,Lifestyle_leisure
http://www.theguardian.com/lifeandstyle/2014/jun/15/joanna-rowsell-cyclist-alopecia-olympic-world-champion,Lifestyle_leisure
http://www.theguardian.com/lifeandstyle/2014/jun/15/nigel-slater-5-summer-dessert-recipes,Lifestyle_leisure
http://www.theguardian.com/lifeandstyle/2014/jun/15/simon-hopkinson-new-recipes-summer-food,Lifestyle_leisure
http://www.theguardian.com/lifeandstyle/2014/jun/15/six-great-summer-picnic-recipes,Lifestyle_leisure
http://www.theguardian.com/lifeandstyle/2014/jun/16/girlfriend-doesnt-want-sex-worried-sti,Lifestyle_leisure
http://www.theguardian.com/lifeandstyle/2014/jun/16/how-to-mend-a-slow-computer,Science_technology
http://www.theguardian.com/lifeandstyle/2014/jun/16/working-from-home-hard-slog,Lifestyle_leisure
http://www.theguardian.com/lifeandstyle/gallery/2014/jun/13/clematis-old-new-varieties-gardening,Lifestyle_leisure
http://www.theguardian.com/lifeandstyle/page/ethicalfashiondirectory,Lifestyle_leisure
http://www.theguardian.com/lifeandstyle/the-running-blog/2014/jun/12/greatest-running-race-of-all-time,Sports
http://www.theguardian.com/lifeandstyle/the-running-blog/2014/jun/13/running-friday-flyer-noel-thatcher-paralympian,Lifestyle_leisure
http://www.theguardian.com/lifeandstyle/the-running-blog/2014/jun/16/running-blog-weekend-debrief-10k-race,Lifestyle_leisure
http://www.theguardian.com/lifeandstyle/wordofmouth/2014/jun/11/how-to-make-perfect-lemon-meringue-pie-recipe,Lifestyle_leisure
http://www.theguardian.com/local-government-network/2014/jun/16/japan-high-street-revival,Economy_business_finance
http://www.theguardian.com/media/2014/jun/01/antisocial-networks-social-media-private-thoughts-apps-distance-online-friends-technology,Science_technology
http://www.theguardian.com/media/2014/jun/01/google-personal-data-digital-pirates,Science_technology
http://www.theguardian.com/media/2014/jun/15/henry-blodget-business-insider-london-office,Economy_business_finance
http://www.theguardian.com/media/2014/jun/16/bbc-tory-mp-tv-swearing-nick-herbert-daily-politics,Economy_business_finance
http://www.theguardian.com/media/greenslade/2014/jun/16/newspaper-closures-digital-media,Economy_business_finance
http://www.theguardian.com/media/greenslade/2014/jun/16/ofcom-bbc2,Economy_business_finance
http://www.theguardian.com/money/2014/jun/05/co-op-bank-debt-recovery-moorcroft,Economy_business_finance
http://www.theguardian.com/money/2014/jun/06/car-hire-travel-france-firefly-spain,Lifestyle_leisure
http://www.theguardian.com/money/2014/jun/07/confused-pension-state-benefits,Economy_business_finance
http://www.theguardian.com/money/2014/jun/09/travel-insurance-pick-best-policy,Economy_business_finance
http://www.theguardian.com/money/2014/jun/11/air-passengers-flight-delay-win,Economy_business_finance
http://www.theguardian.com/money/2014/jun/11/retirement-pensions-guidance-pledge-risk-george-osborne,Economy_business_finance
http://www.theguardian.com/money/2014/jun/11/virgin-media-bailiffs-transfer-account,Economy_business_finance
http://www.theguardian.com/money/2014/jun/12/money-talks-payday-loan-customers-overpay,Economy_business_finance
http://www.theguardian.com/money/2014/jun/12/passport-delays-holidaymakers-claim-insurance,Economy_business_finance
http://www.theguardian.com/money/2014/jun/13/buying-a-barbecue-a-guide,Lifestyle_leisure
http://www.theguardian.com/money/2014/jun/13/consumer-rights-shakeup-online-shoppers-protection,Economy_business_finance
http://www.theguardian.com/money/2014/jun/13/third-of-britons-embrace-sharing-economy,Economy_business_finance
http://www.theguardian.com/money/2014/jun/13/workers-retire-early-lose-third-pension,Economy_business_finance
http://www.theguardian.com/money/2014/jun/14/bank-scam-savings-courier-fraud,Economy_business_finance
http://www.theguardian.com/money/2014/jun/14/confused-pension-where-get-advice,Economy_business_finance
http://www.theguardian.com/money/2014/jun/14/save-money-theme-parks-cut-cost,Economy_business_finance
http://www.theguardian.com/money/2014/jun/14/tsb-float-key-issues,Economy_business_finance
http://www.theguardian.com/money/2014/jun/15/current-accounts-look-good-savers,Economy_business_finance
http://www.theguardian.com/money/2014/jun/15/us-economy-bubble-debt-financial-crisis-corporations,Economy_business_finance
http://www.theguardian.com/money/2014/jun/16/bargain-buyers-guide-camera-car,Economy_business_finance
http://www.theguardian.com/money/2014/jun/16/british-public-wrong-rich-poor-tax-research,Economy_business_finance
http://www.theguardian.com/money/2014/jun/16/crowdfunding-invest-cash-risks,Economy_business_finance
http://www.theguardian.com/money/2014/jun/16/energy-supplier-shakeup-customers-switch-big-six,Economy_business_finance
http://www.theguardian.com/money/2014/jun/16/faulty-british-gas-meter-bill-overpayment,Economy_business_finance
http://www.theguardian.com/money/2014/jun/16/how-much-tax-poorest-richest-uk,Economy_business_finance
http://www.theguardian.com/money/2014/jun/16/yorkshire-building-society-fined-misleading-marketing,Economy_business_finance
http://www.theguardian.com/money/2014/may/29/own-house-need-cash-equity-release,Economy_business_finance
http://www.theguardian.com/money/blog/2014/jun/14/swimming-pool,Economy_business_finance
http://www.theguardian.com/money/ng-interactive/2014/may/23/-sp-see-how-house-prices-have-risen,Economy_business_finance
http://www.theguardian.com/money/work-blog/2014/jun/16/boss-not-acting-fast-find-replacement,Economy_business_finance
http://www.theguardian.com/news/datablog/2014/jun/02/how-open-data-can-help-shape-the-way-we-analyse-electoral-behaviour,Science_technology
http://www.theguardian.com/science/2013/aug/30/1,Science_technology
http://www.theguardian.com/science/2014/jun/09/turing-test-eugene-goostman,Science_technology
http://www.theguardian.com/science/2014/jun/13/bloodhound-ssc-cockpit-1000mph-car-unveiled,Science_technology
http://www.theguardian.com/science/2014/jun/13/crayfish-feel-stress-claim-scientists,Science_technology
http://www.theguardian.com/science/2014/jun/13/earth-may-have-underground-ocean-three-times-that-on-surface,Science_technology
http://www.theguardian.com/science/2014/jun/15/new-to-nature-miniopterus-maghrebensis-bat-north-africa,Science_technology
http://www.theguardian.com/science/2014/jun/15/starwatch-star-sun-hercules,Science_technology
http://www.theguardian.com/science/2014/jun/15/who-will-be-crowned-european-inventor-award-dna-chris-toumazou,Science_technology
http://www.theguardian.com/science/2014/may/15/science-four-thousand-year-history-patricia-fara-charles-darwin,Science_technology
http://www.theguardian.com/science/animal-magic/2014/jun/16/dead-parrot-spixs-macaw-rarest-bird-brazil,Science_technology
http://www.theguardian.com/science/grrlscientist/2014/jun/13/royal-society-winton-prize-science-books-2014-longlist,Science_technology
http://www.theguardian.com/science/head-quarters/2014/jun/13/scientists-dont-need-to-wear-a-white-lab-coat-to-talk-about-science,Science_technology
http://www.theguardian.com/science/list/allsciencekeywords,Science_technology
http://www.theguardian.com/science/lost-worlds/2014/jun/16/were-dinosaurs-all-at-sea,Science_technology
http://www.theguardian.com/science/occams-corner/2014/jun/10/how-should-government-invest-research-livechat,Science_technology
http://www.theguardian.com/science/political-science/2014/jun/13/nexus-global-challenges-food-energy-water,Science_technology
http://www.theguardian.com/small-business-network/2014/jun/16/family-owned-business,Economy_business_finance
http://www.theguardian.com/small-business-network/2014/jun/16/live-q-a-self-publishing-advice,Economy_business_finance
http://www.theguardian.com/social-care-network/2014/jun/16/need-research-practical-knowledge-autism,Science_technology
http://www.theguardian.com/sport/2014/jun/13/lta-andy-murray-brand-tennis-michael-downey-bob-brett,Sports
http://www.theguardian.com/sport/2014/jun/14/roger-federer-forgets-match-point-halle,Sports
http://www.theguardian.com/sport/2014/jun/15/audi-andre-lotterer-benoit-treluyer-marcel-fassler-le-mans,Sports
http://www.theguardian.com/sport/2014/jun/15/avenir-certain-prix-de-diane-chantilly,Sports
http://www.theguardian.com/sport/2014/jun/15/chris-froome-dauphine-uci,Sports
http://www.theguardian.com/sport/2014/jun/15/dimitrov-wins-queens-club-lopez,Sports
http://www.theguardian.com/sport/2014/jun/15/marc-marquez-moto-gp-catalonia-valentino-rossi,Sports
http://www.theguardian.com/sport/2014/jun/15/stuart-lancaster-owen-farrell-danny-care-new-zealand,Sports
http://www.theguardian.com/sport/2014/jun/15/wales-test-defeat-south-africa-poor-run-sanzar-sides-rugby-union,Sports
http://www.theguardian.com/sport/2014/jun/16/afl-commission-approves-good-friday-game,Sports
http://www.theguardian.com/sport/2014/jun/16/judy-murray-andy-wimbledon-champion,Sports
http://www.theguardian.com/sport/2014/jun/16/martin-kaymer-wins-us-open-second-major,Sports
http://www.theguardian.com/sport/2014/jun/16/michael-schumacher-out-of-coma-left-hospital-grenoble,Sports
http://www.theguardian.com/sport/2014/jun/16/mo-farah-england-squad-commonwealth-games-2014,Sports
http://www.theguardian.com/sport/2014/jun/16/nba-finals-mvp-kawhi-leonard-shows-future-is-bright-for-san-antonio-spurs,Sports
http://www.theguardian.com/sport/2014/jun/16/new-zealand-conrad-smith-miss-final-test-england,Sports
http://www.theguardian.com/sport/2014/jun/16/san-antonio-spurs-beat-miami-heat-4-1-in-finals-series-to-win-nba-championship,Sports
http://www.theguardian.com/sport/99-94-cricket-blog/2014/jun/16/county-cricket-weeks-final-over-somerset-james-taylor,Sports
http://www.theguardian.com/sport/blog/2012/feb/01/classic-youtube-lost-and-found,Sports
http://www.theguardian.com/sport/blog/2014/jun/06/favourite-things-online-bebeto-luxembourg,Sports
http://www.theguardian.com/sport/blog/2014/jun/12/classic-youtube-best-sports-clips,Sports
http://www.theguardian.com/sport/blog/2014/jun/15/nrl-what-we-learned-in-round-14,Sports
http://www.theguardian.com/sport/blog/2014/jun/16/afl-what-we-learned-in-round-13,Sports
http://www.theguardian.com/sport/blog/2014/jun/16/live-racing-monday-16-june-2014,Sports
http://www.theguardian.com/sport/feedarticle/11395978,Sports
http://www.theguardian.com/sport/feedarticle/11396041,Sports
http://www.theguardian.com/sport/feedarticle/11396068,Sports
http://www.theguardian.com/sport/feedarticle/11396139,Sports
http://www.theguardian.com/sport/feedarticle/11396140,Sports
http://www.theguardian.com/sport/feedarticle/11396306,Sports
http://www.theguardian.com/sustainable-business/2014/jun/16/eco-friendly-sustainable-toys-growing-market-waste-recycling,Science_technology
http://www.theguardian.com/sustainable-business/2014/jun/16/google-linkedin-boa-intel-diversity-diverse-workforce,Economy_business_finance
http://www.theguardian.com/sustainable-business/sustainable-innovation-business-fashion-transport,Economy_business_finance
http://www.theguardian.com/technology/2014/jun/01/google-self-driving-pods-end-of-road-car-ownership,Science_technology
http://www.theguardian.com/technology/2014/jun/02/-sp-welcome-to-games-week,Science_technology
http://www.theguardian.com/technology/2014/jun/02/apple-previews-new-mobile-software-ios-8-at-wwdc-2014,Science_technology
http://www.theguardian.com/technology/2014/jun/02/apple-reveals-health-its-entry-into-fitness-tracking,Science_technology
http://www.theguardian.com/technology/2014/jun/02/apple-unveils-health-and-home-apps-for-iphone,Science_technology
http://www.theguardian.com/technology/2014/jun/02/google-glass-dyson-designed-smartglasses-10-years-before-google,Science_technology
http://www.theguardian.com/technology/2014/jun/02/home-apple-unveils-its-smart-home-program-at-wwdc-2014,Science_technology
http://www.theguardian.com/technology/2014/jun/02/nothing-beats-mario-kart,Science_technology
http://www.theguardian.com/technology/2014/jun/02/reddit-imgur-boing-boing-reset-the-net-campaign-nsa-surveillance-privacy,Science_technology
http://www.theguardian.com/technology/2014/jun/02/samsung-z-smartphone-android-tizen-android,Science_technology
http://www.theguardian.com/technology/2014/jun/02/wwdc-2014-apple-demos-mac-os-1010-yosemite-its-latest-desktop-software,Science_technology
http://www.theguardian.com/technology/2014/jun/03/30-greatest-british-video-games,Science_technology
http://www.theguardian.com/technology/2014/jun/03/facebook-children-join-social-network,Science_technology
http://www.theguardian.com/technology/2014/jun/03/how-activity-trackers-remove-rights-personal-data,Science_technology
http://www.theguardian.com/technology/2014/jun/04/apples-ipad-porn-android-tablet-users,Science_technology
http://www.theguardian.com/technology/2014/jun/04/arcade-games-internet-pacman-atari-sonic-sega-mario-bandai-fifa,Science_technology
http://www.theguardian.com/technology/2014/jun/04/sony-psp-handheld-nintendo,Science_technology
http://www.theguardian.com/technology/2014/jun/04/video-games-violence-parents-guide-pegi-call-of-duty-grand-theft-atuo,Science_technology
http://www.theguardian.com/technology/2014/jun/05/ebay-search-ads-no-benefit-google-brands-berkeley-chicago,Science_technology
http://www.theguardian.com/technology/2014/jun/05/girly-games-history-of-pink-rachel-weil,Science_technology
http://www.theguardian.com/technology/2014/jun/05/guardian-launches-securedrop-whistleblowers-documents,Science_technology
http://www.theguardian.com/technology/2014/jun/06/googles-3d-mapping-project-tango-moves-to-tablets,Science_technology
http://www.theguardian.com/technology/2014/jun/06/heartbleed-openssl-bug-security-vulnerabilities,Science_technology
http://www.theguardian.com/technology/2014/jun/06/how-to-avoid-world-cup-2014-spoilers,Science_technology
http://www.theguardian.com/technology/2014/jun/06/how-to-protect-yourself-from-phishing-attacks,Science_technology
http://www.theguardian.com/technology/2014/jun/06/revolutionary-marxism-a-lesson-through-the-medium-of-board-games,Science_technology
http://www.theguardian.com/technology/2014/jun/06/swift-developers-guide-apple-programming-language-wwdc,Science_technology
http://www.theguardian.com/technology/2014/jun/06/tetris-at-30-nintendo-puzzle-games-game-boy,Science_technology
http://www.theguardian.com/technology/2014/jun/06/uber-lyft-virginia-as-rows-erupt-worldwide,Science_technology
http://www.theguardian.com/technology/2014/jun/06/vapourware-software-54-years-xanadu-ted-nelson-chapman,Science_technology
http://www.theguardian.com/technology/2014/jun/06/watch-dogs-review-beyond-the-hype,Science_technology
http://www.theguardian.com/technology/2014/jun/08/google-search-results-indicate-right-to-be-forgotten-censorship,Science_technology
http://www.theguardian.com/technology/2014/jun/09/anki-drive-robots-cars-toys-aritifcial-intelligence-google,Science_technology
http://www.theguardian.com/technology/2014/jun/09/astronaut-reid-wiseman-vine-space,Science_technology
http://www.theguardian.com/technology/2014/jun/09/diane-von-furstenberg-google-glass-net-a-porter,Science_technology
http://www.theguardian.com/technology/2014/jun/09/e3-2014-halo-master-chief-collection-xbox-one,Science_technology
http://www.theguardian.com/technology/2014/jun/09/e3-2014-microsoft-press-conference-the-key-points,Science_technology
http://www.theguardian.com/technology/2014/jun/09/minecraft-creator-dogecoin-new-game-cliffhorse,Science_technology
http://www.theguardian.com/technology/2014/jun/09/uk-tech-startups-promoted-in-royal-reception,Economy_business_finance
http://www.theguardian.com/technology/2014/jun/09/what-is-the-alan-turing-test,Science_technology
http://www.theguardian.com/technology/2014/jun/10/chinese-military-group-hacks-us-european-satellite-companies,Science_technology
http://www.theguardian.com/technology/2014/jun/10/deezer-user-data-hack-attack-ddos,Science_technology
http://www.theguardian.com/technology/2014/jun/10/e3-2014-alien-isolation-preview-enemies-revealed,Science_technology
http://www.theguardian.com/technology/2014/jun/10/e3-2014-nintendo-open-world-zelda-star-fox-yoshis-woolly-world,Science_technology
http://www.theguardian.com/technology/2014/jun/10/facebook-slingshot-snapchat-social-app,Science_technology
http://www.theguardian.com/technology/2014/jun/10/kickstarter-creator-handbook-crowdfunding-website,Science_technology
http://www.theguardian.com/technology/2014/jun/10/medium-yes-we-are-a-publisher,Science_technology
http://www.theguardian.com/technology/2014/jun/11/e3-2014-call-of-duty-advanced-warfare,Science_technology
http://www.theguardian.com/technology/2014/jun/11/e3-2014-civilization-beyond-earth-shock,Science_technology
http://www.theguardian.com/technology/2014/jun/11/e3-2014-grim-fandango-sony-nostalgia,Science_technology
http://www.theguardian.com/technology/2014/jun/11/e3-2014-nintendo-joy,Science_technology
http://www.theguardian.com/technology/2014/jun/11/nominet-new-rules-uk-domain-end-privacy,Science_technology
http://www.theguardian.com/technology/2014/jun/11/twitter-tweetdeck-xss-flaw-users-vulnerable,Science_technology
http://www.theguardian.com/technology/2014/jun/12/angry-birds-epic-rovio-rpg,Science_technology
http://www.theguardian.com/technology/2014/jun/12/e3-2014-batman-arkham-night-preview-batmobile,Science_technology
http://www.theguardian.com/technology/2014/jun/12/tweetdeck-vulnerability-teen-code-emoji-heart,Science_technology
http://www.theguardian.com/technology/2014/jun/12/world-cup-football-cybercrime-phishing-cristiano-ronaldo,Science_technology
http://www.theguardian.com/technology/2014/jun/13/ai-weiwei-david-hockney-data-art-hack-tate-modern,Science_technology
http://www.theguardian.com/technology/2014/jun/13/apple-exchange-southern-europe-usb-iphone-chargers-adapters-safety-fears,Science_technology
http://www.theguardian.com/technology/2014/jun/13/best-female-characters-in-video-games-ubisoft-assasins-creed,Science_technology
http://www.theguardian.com/technology/2014/jun/13/e3-2014-bloodborne-preview-lovecraft-dark-souls-miyazaki,Science_technology
http://www.theguardian.com/technology/2014/jun/13/e3-2014-metal-gear-solid-the-phantom-pain-preview,Science_technology
http://www.theguardian.com/technology/2014/jun/13/google-talks-virgin-space-tourism-business,Science_technology
http://www.theguardian.com/technology/2014/jun/13/pc-market-doldrums-will-continue-to-2018-says-idc,Science_technology
http://www.theguardian.com/technology/2014/jun/13/priceline-buy-restaurant-reservation-company-opentable-for-26bn,Science_technology
http://www.theguardian.com/technology/2014/jun/13/radius-festival-london-indie-games-event-reveals-packed-line-up,Science_technology
http://www.theguardian.com/technology/2014/jun/13/samsung-bets-big-on-fingerprint-scanning-in-its-war-with-apples-ipad,Science_technology
http://www.theguardian.com/technology/2014/jun/15/networker-internet-of-things-john-naughton-hacking,Science_technology
http://www.theguardian.com/technology/2014/jun/15/robot-doctors-online-lawyers-automated-architects-future-professions-jobs-technology,Science_technology
http://www.theguardian.com/technology/2014/jun/16/best-android-apps-1password-angry-birds-epic,Science_technology
http://www.theguardian.com/technology/2014/jun/16/best-iphone-ipad-apps-broken-age,Science_technology
http://www.theguardian.com/technology/2014/jun/16/boris-johnson-uber-ban-london,Science_technology
http://www.theguardian.com/technology/2014/jun/16/dominos-pizza-ransom-hack-data,Economy_business_finance
http://www.theguardian.com/technology/askjack/2014/jun/05/whats-the-best-touch-screen-pc-for-one-handed-use,Science_technology
http://www.theguardian.com/technology/askjack/2014/jun/13/how-should-i-organise-my-hard-drives-and-data-when-upgrading-windows,Science_technology
http://www.theguardian.com/technology/blog/2014/jun/02/google-balloon-internet,Science_technology
http://www.theguardian.com/technology/blog/2014/jun/03/apple-bitcoin-apps,Science_technology
http://www.theguardian.com/technology/blog/2014/jun/04/duckduckgo-ios-safari,Science_technology
http://www.theguardian.com/technology/blog/2014/jun/06/openssl-bug-tankchair,Science_technology
http://www.theguardian.com/technology/blog/2014/jun/10/privacy-users-google-nearby,Science_technology
http://www.theguardian.com/technology/blog/2014/jun/13/leila-johnston-digital-culture-hack-circus,Science_technology
http://www.theguardian.com/technology/blog/2014/jun/13/starbucks-wireless-charging,Science_technology
http://www.theguardian.com/technology/blog/2014/jun/16/google-skybox-android,Science_technology
http://www.theguardian.com/technology/gallery/2014/jun/10/most-loved-best-video-game-characters-pac-man-crash-lara-croft-mario,Science_technology
http://www.theguardian.com/technology/gallery/2014/jun/13/samsung-galaxy-tab-s-in-pictures,Science_technology
http://www.theguardian.com/technology/gamesblog/2014/jun/09/luigis-death-stare-are-you-enjoying-mario-kart-8,Science_technology
http://www.theguardian.com/technology/poll/2014/jun/05/what-is-the-most-compulsive-game-of-all-time-poll,Science_technology
http://www.theguardian.com/technology/video/2014/jun/03/apple-osx-yosemite-healthkit-san-francisco-video,Science_technology
http://www.theguardian.com/technology/video/2014/jun/05/drones-unmanned-aircraft-video,Science_technology
http://www.theguardian.com/theobserver/she-said/2014/jun/05/world-cup-2014-why-brazil-is-no-country-for-female-football-players,Sports
http://www.theguardian.com/travel/2012/mar/28/10-best-camping-sites-lake-district,Lifestyle_leisure
http://www.theguardian.com/travel/2013/jul/11/cool-off-uk-summer,Lifestyle_leisure
http://www.theguardian.com/travel/2013/oct/18/venice-on-a-budget-eat-drink-cheaply,Lifestyle_leisure
http://www.theguardian.com/travel/2014/apr/30/greek-island-holiday-guide-sporades-evia,Lifestyle_leisure
http://www.theguardian.com/travel/2014/jan/03/holiday-hotspots-where-to-go-in-2014,Lifestyle_leisure
http://www.theguardian.com/travel/2014/jun/07/miami-city-guide-day-in-little-havana,Lifestyle_leisure
http://www.theguardian.com/travel/2014/jun/07/yorkshire-food-restaurant-tour-culinary-trip,Lifestyle_leisure
http://www.theguardian.com/travel/2014/jun/08/good-life-weekend-aviemore-cairngorms-scotland,Lifestyle_leisure
http://www.theguardian.com/travel/2014/jun/10/top-10-free-things-to-see-venice,Lifestyle_leisure
http://www.theguardian.com/travel/2014/jun/11/brazil-world-cup-city-10-best-places-eat-drink-manaus-brazil,Lifestyle_leisure
http://www.theguardian.com/travel/2014/jun/11/readers-travel-tips-british-lidos-and-urban-swimming-spots,Lifestyle_leisure
http://www.theguardian.com/travel/2014/jun/14/akyaka-holiday-turkey-slow-food-movement,Lifestyle_leisure
http://www.theguardian.com/travel/2014/jun/14/athens-hotspots-top-10-new-places-eat-drink,Lifestyle_leisure
http://www.theguardian.com/travel/2014/jun/14/city-breaks-greece-turkey-bars-bazaars-boutique-hotels,Lifestyle_leisure
http://www.theguardian.com/travel/2014/jun/14/greece-road-trip-seaside-athens-riviera,Lifestyle_leisure
http://www.theguardian.com/travel/2014/jun/15/barcelona-tourism-boom-economy-residents,Lifestyle_leisure
http://www.theguardian.com/travel/2014/jun/15/cyprus-walking-holiday-ayia-napa,Lifestyle_leisure
http://www.theguardian.com/travel/2014/jun/15/top-10-family-holidays-greek-islands-greece,Lifestyle_leisure
http://www.theguardian.com/travel/2014/jun/15/travel-tips-isle-of-skye-joanne-oconnor,Lifestyle_leisure
http://www.theguardian.com/travel/2014/jun/16/top-10-best-beaches-turkey-readers-tips,Lifestyle_leisure
http://www.theguardian.com/travel/2014/may/22/10-best-uk-hidden-beaches,Lifestyle_leisure
http://www.theguardian.com/travel/2014/may/25/where-to-watch-world-cup-england,Lifestyle_leisure
http://www.theguardian.com/travel/2014/may/31/whats-new-north-cornwall-holiday-guide,Lifestyle_leisure
http://www.theguardian.com/travel/shortcuts/2014/jun/15/worst-hotel-britain-blackpool-new-kimberley,Lifestyle_leisure
http://www.theguardian.com/women-in-leadership/2013/apr/26/taken-seriously-women-in-engineering,Economy_business_finance
http://www.theguardian.com/women-in-leadership/2014/jun/16/i-like-being-one-of-the-boys,Economy_business_finance
http://www.theguardian.com/world/2014/jun/15/chinese-premiers-uk-visit-hold-promise-of-18bn-of-investment,Economy_business_finance
http://www.theguardian.com/world/2014/jun/16/scientists-bend-banana-genome-to-help-children-overcome-vitamin-a-deficiency,Science_technology
